{
    "1008_1275": 0.0,
    "1009_1276": 0.0,
    "1010_1277": 1.0,
    "1011_1278": 0.0,
    "1012_1279": 1.0,
    "1013_1280": 0.5438062564918291,
    "1014_1281": 0.7277861727056736,
    "1015_1281": 0.6030713879939467,
    "1016_1282": 0.4933994770282867,
    "1017_1283": 0.0,
    "1018_1284": 0.0,
    "1019_1285": 0.42097096207177664,
    "1020_1286": 0.0,
    "1021_1287": 0.0,
    "1022_1288": 0.37716780409100703,
    "1023_1288": 0.7267039555474736,
    "1024_1289": 0.7169699507428595,
    "1025_1290": 0.6323207430347159,
    "1026_1291": 1.0,
    "1027_1292": 0.7308707394266621,
    "1028_1293": 0.0,
    "1029_1294": 0.0,
    "1030_1295": 0.6046966402212339,
    "1031_1296": 0.0,
    "1032_1296": 0.0,
    "1033_1297": 0.8496556367024676,
    "1034_1298": 0.6471746366663836,
    "1035_1299": 0.6982072894993315,
    "1036_1300": 0.8443247077724454,
    "1037_1301": 0.18490739926678923,
    "1038_1302": 0.7913255068397346,
    "1039_1303": 0.48248960144624475,
    "1040_1304": 0.08552178336399441,
    "1041_1305": 0.8024903251756474,
    "1042_1306": 0.6439859309560969,
    "1043_1307": 0.6840488584626706,
    "1044_1308": 0.5812052335224522,
    "1045_1308": 0.4200459553813358,
    "1046_1309": 0.7577087653977306,
    "1047_1310": 0.8317449153473588,
    "1048_1311": 0.0,
    "1049_1312": 0.0,
    "1050_1313": 0.0,
    "1051_1314": 0.21458757920691418,
    "1052_1315": 0.6633047172238484,
    "1053_1316": 0.6630807941108466,
    "1054_1317": 0.8478528802089687,
    "1055_1318": 0.7224440680249374,
    "1056_1318": 0.37444758573694625,
    "1057_1319": 0.8641623297735321,
    "1058_1320": 0.7143749656426621,
    "1059_1321": 0.101500265906864,
    "1060_1322": 0.389610964009926,
    "1061_1322": 0.0,
    "1062_1323": 0.22591706776038523,
    "1063_1324": 0.7877402440398806
}