{
    "1008_1275": 0.0,
    "1009_1276": 0.0,
    "1010_1277": 1.0,
    "1011_1278": 0.0,
    "1012_1279": 0.8464246988296509,
    "1013_1280": 0.638901484410624,
    "1014_1281": 0.6420171883891319,
    "1015_1281": 0.4430123135992039,
    "1016_1282": 0.6367182675816438,
    "1017_1283": 0.0,
    "1018_1284": 0.0,
    "1019_1285": 0.5675951810545975,
    "1020_1286": 0.0,
    "1021_1287": 0.0,
    "1022_1288": 0.6185746481152935,
    "1023_1288": 0.7348383414286722,
    "1024_1289": 0.6045319724709657,
    "1025_1290": 0.3751148769056869,
    "1026_1291": 0.9594284296035767,
    "1027_1292": 0.7857586184861272,
    "1028_1293": 0.0,
    "1029_1294": 0.0,
    "1030_1295": 0.622904189380603,
    "1031_1296": 0.0,
    "1032_1296": 0.0,
    "1033_1297": 0.8638007221123982,
    "1034_1298": 0.5344503278755408,
    "1035_1299": 0.4836675322617052,
    "1036_1300": 0.5524043644071512,
    "1037_1301": 0.2161245622965069,
    "1038_1302": 0.8601327287065746,
    "1039_1303": 0.5396711059875714,
    "1040_1304": 0.1683083560142482,
    "1041_1305": 0.7967199739618696,
    "1042_1306": 0.47396020890375934,
    "1043_1307": 0.7129173267748463,
    "1044_1308": 0.7471461125950144,
    "1045_1308": 0.4217651927969056,
    "1046_1309": 0.7931343411743669,
    "1047_1310": 0.7210245020094498,
    "1048_1311": 0.0,
    "1049_1312": 0.0,
    "1050_1313": 0.0,
    "1051_1314": 0.13195008523348162,
    "1052_1315": 0.7551069022438188,
    "1053_1316": 0.5466133082970858,
    "1054_1317": 0.7381312359473874,
    "1055_1318": 0.4428081002028189,
    "1056_1318": 0.689963309401941,
    "1057_1319": 0.8950950029358442,
    "1058_1320": 0.6412136057373748,
    "1059_1321": 0.7274571522535422,
    "1060_1322": 0.38533188303777255,
    "1061_1322": 0.0,
    "1062_1323": 0.2816153399863133,
    "1063_1324": 0.7150245772837271
}