{
    "1008_1275": 0.0,
    "1009_1276": 0.0,
    "1010_1277": 0.04097244516015053,
    "1011_1278": 0.0,
    "1012_1279": 0.146122008562088,
    "1013_1280": 0.10770590611399322,
    "1014_1281": 0.17625732439285313,
    "1015_1281": 0.07014134748639522,
    "1016_1282": 0.09722351782898664,
    "1017_1283": 0.0,
    "1018_1284": 0.0,
    "1019_1285": 0.10592662119430063,
    "1020_1286": 0.0,
    "1021_1287": 0.0,
    "1022_1288": 0.07305319951393763,
    "1023_1288": 0.12085686470903201,
    "1024_1289": 0.1008957139541633,
    "1025_1290": 0.06777770950230966,
    "1026_1291": 0.14343887316756143,
    "1027_1292": 0.14173156297970457,
    "1028_1293": 0.0,
    "1029_1294": 0.0,
    "1030_1295": 0.12469605366716818,
    "1031_1296": 0.0,
    "1032_1296": 0.0,
    "1033_1297": 0.16934717317146442,
    "1034_1298": 0.11894613955102473,
    "1035_1299": 0.08309911428808481,
    "1036_1300": 0.10071634444878097,
    "1037_1301": -0.03315347494751841,
    "1038_1302": 0.11124000415836344,
    "1039_1303": 0.1270028298424275,
    "1040_1304": 0.057304850811699226,
    "1041_1305": 0.09263168584087345,
    "1042_1306": 0.08261719463759165,
    "1043_1307": 0.19225897981684825,
    "1044_1308": 0.24184660179398065,
    "1045_1308": 0.062107883749694004,
    "1046_1309": 0.1043356494566876,
    "1047_1310": 0.10261470282589258,
    "1048_1311": 0.0,
    "1049_1312": 0.0,
    "1050_1313": 0.0,
    "1051_1314": -0.0013862624315117422,
    "1052_1315": 0.06087104353161832,
    "1053_1316": 0.141075907333996,
    "1054_1317": 0.16639814854428503,
    "1055_1318": 0.10863485414347096,
    "1056_1318": 0.08458973948396753,
    "1057_1319": 0.13161595362728684,
    "1058_1320": 0.09667863231161289,
    "1059_1321": 0.17938504287668844,
    "1060_1322": 0.1443470565886893,
    "1061_1322": 0.0,
    "1062_1323": -0.013462112371249946,
    "1063_1324": 0.006697841424870732
}