{
    "737_1275": 0.0,
    "738_1276": 0.0,
    "739_1277": 0.0,
    "740_1278": 0.0,
    "741_1279": 0.7859825491905212,
    "742_1280": 0.2936756812431447,
    "743_1281": 0.7117306684726331,
    "744_1281": 0.546195706075975,
    "745_1282": 0.5331600957228235,
    "746_1283": 0.0,
    "747_1284": 0.0,
    "748_1285": 0.432780507502295,
    "749_1286": 0.0,
    "750_1287": 0.0,
    "751_1288": 0.38832382017759226,
    "752_1288": 0.629869840632716,
    "753_1289": 0.9282894459615143,
    "754_1290": 0.3824344943471758,
    "755_1291": 0.7634357810020447,
    "756_1292": 0.4826626365412674,
    "757_1292": 0.7685062244932342,
    "758_1293": 0.0,
    "758_1294": 0.0,
    "759_1295": 0.42296906274666735,
    "760_1296": 0.0,
    "761_1297": 0.2977564387947347,
    "762_1298": 0.39965062050694566,
    "763_1299": 0.6982072894993316,
    "764_1300": 0.8489956598427315,
    "765_1301": 0.6914645688748264,
    "766_1302": 0.3679150305792317,
    "767_1303": 0.5618507903270882,
    "768_1303": 0.39219812990401115
}