{
    "737_1275": 0.0,
    "738_1276": 0.0,
    "739_1277": 0.0,
    "740_1278": 0.0,
    "741_1279": 0.4957369565963745,
    "742_1280": 0.46006672872165844,
    "743_1281": 0.651555610638861,
    "744_1281": 0.48709336984242757,
    "745_1282": 0.559883408505398,
    "746_1283": 0.0,
    "747_1284": 0.0,
    "748_1285": 0.4879111570763319,
    "749_1286": 0.0,
    "750_1287": 0.0,
    "751_1288": 0.6304663363794965,
    "752_1288": 0.7629518274348116,
    "753_1289": 0.9170343194094321,
    "754_1290": 0.28309540225688745,
    "755_1291": 0.6984210014343262,
    "756_1292": 0.4940601732070704,
    "757_1292": 0.7355624123557932,
    "758_1293": 0.0,
    "758_1294": 0.0,
    "759_1295": 0.36673471337424335,
    "760_1296": 0.0,
    "761_1297": 0.5674226327485702,
    "762_1298": 0.5235526057907748,
    "763_1299": 0.5037869102615644,
    "764_1300": 0.518502293894521,
    "765_1301": 0.4710937638525887
}