{
    "737_1275": 0.0,
    "738_1276": 0.0,
    "739_1277": 0.0,
    "740_1278": 0.0,
    "741_1279": 0.17159592260167544,
    "742_1280": 0.21246089719272865,
    "743_1281": 0.24269950244196858,
    "744_1281": 0.18580203261155837,
    "745_1282": 0.2666728913088956,
    "746_1283": 0.0,
    "747_1284": 0.0,
    "748_1285": 0.21886866279470318,
    "749_1286": 0.0,
    "750_1287": 0.0,
    "751_1288": 0.11235134319169826,
    "752_1288": 0.0691286601565877,
    "753_1289": 0.35134682751390645,
    "754_1290": 0.09371649706032292,
    "755_1291": 0.43842217326164246,
    "756_1292": 0.12114872468686255,
    "757_1292": 0.23601406232066946,
    "758_1293": 0.0,
    "758_1294": 0.0,
    "759_1295": 0.17614601869601176,
    "760_1296": 0.0,
    "761_1297": 0.17606865589685805,
    "762_1298": 0.2501020551364266,
    "763_1299": 0.14696897410846033,
    "764_1300": 0.19304122195222784,
    "765_1301": 0.20341015908068338
}