{
    "737_1275": 0.0,
    "738_1276": 0.0,
    "739_1277": 0.0,
    "740_1278": 0.0,
    "741_1279": 0.11489643547840966,
    "742_1280": 0.17651078848048896,
    "743_1281": 0.20901747428605655,
    "744_1281": 0.10370826731398519,
    "745_1282": 0.17204481950163697,
    "746_1283": 0.0,
    "747_1284": 0.0,
    "748_1285": 0.17961597455810496,
    "749_1286": 0.0,
    "750_1287": 0.0,
    "751_1288": 0.09045708601146829,
    "752_1288": 0.0631368833282211,
    "753_1289": 0.22414696078788898,
    "754_1290": 0.013995463757817905,
    "755_1291": 0.2807420790195465,
    "756_1292": 0.1265847639617259,
    "757_1292": 0.2110810601786819,
    "758_1293": 0.0,
    "758_1294": 0.0,
    "759_1295": 0.11854691512742344,
    "760_1296": 0.0,
    "761_1297": 0.1915480371001308,
    "762_1298": 0.2887416355535617,
    "763_1299": 0.12550595418457067,
    "764_1300": 0.15768574653605105,
    "765_1301": 0.15300551949671182
}