{
    "1008_737": 0.0,
    "1009_738": 0.0,
    "1010_739": 0.0,
    "1011_740": 0.6416746209130267,
    "1012_741": 0.7859825491905212,
    "1013_742": 0.8780127342889203,
    "1014_743": 0.9005120363726365,
    "1015_744": 0.6702483892440796,
    "1016_745": 0.7930289934435573,
    "1017_746": 0.6743258298218762,
    "1018_747": 0.7921649326280372,
    "1019_748": 0.7021551945044802,
    "1020_749": 0.0,
    "1021_750": 1.0,
    "1022_751": 0.8502712203351067,
    "1023_752": 0.7846079540836843,
    "1024_753": 0.73435809766659,
    "1025_754": 0.37057236285473705,
    "1026_755": 0.7634357810020447,
    "1027_756": 0.4381804074758957,
    "1027_757": 0.6784347160900329,
    "1028_758": 0.2671201932874486,
    "1029_758": 0.36035956221625953,
    "1030_759": 0.6913748027612968,
    "1031_760": 0.8005863585488863,
    "1032_760": 0.8306305594708574,
    "1033_761": 0.48156216993019607,
    "1034_762": 0.6888363046372682,
    "1035_763": 1.0,
    "1036_764": 0.8830607029998058,
    "1037_765": 0.44673112136713833,
    "1038_766": 0.5964570394595547,
    "1039_767": 0.7322898991690577,
    "1039_768": 0.4896246960869237,
    "1040_769": 0.7581509481470887,
    "1041_770": 0.9350620621552637,
    "1042_771": 0.6916317630960688,
    "1043_772": 0.5316821099733193,
    "1044_773": 0.4893609766345163,
    "1045_774": 0.25665399901898645,
    "1046_775": 0.7359503392016515,
    "1047_776": 0.7075772150612756,
    "1048_777": 0.0,
    "1049_778": 0.0,
    "1050_779": 0.0,
    "1051_780": 0.14176199064939832,
    "1052_781": 0.6633047172238484,
    "1053_782": 0.48176973431120085,
    "1053_783": 0.5255026205022281,
    "1053_784": 0.5298618990398097,
    "1054_785": 0.48369436943264765,
    "1054_786": 0.7714208361947222,
    "1055_787": 0.563298296697629,
    "1056_787": 0.7687278162236477,
    "1057_788": 0.5057449060616482,
    "1058_789": 0.685038622442527,
    "1059_790": 0.5663302229819698,
    "1060_791": 0.5052674207042787,
    "1061_792": 0.0,
    "1062_793": 0.3769170924447527,
    "1063_794": 0.34380926706135995,
    "1064_795": 0.6369369029998779,
    "1065_796": 0.0,
    "1065_797": 0.12511858344078064,
    "1066_798": 0.3134465171160259,
    "1066_799": 0.21935116281375044,
    "1068_800": 0.4181572679265484,
    "1069_801": 0.4220680573951139,
    "1070_802": 0.5753877496673188,
    "1071_802": 0.3356658988835859,
    "1072_803": 0.567759890790524,
    "1073_804": 0.4941055476665497,
    "1074_805": 0.8317544460296631,
    "1075_806": 0.7624218987997703,
    "1076_807": 0.639307907507528,
    "1077_808": 0.13131081178565251,
    "1078_809": 0.38895018781632684,
    "1078_810": 0.545875004416869,
    "1079_811": 0.5925131934292942,
    "1080_812": 0.5811020936010832,
    "1081_813": 0.0,
    "1082_814": 0.7148056992766808,
    "1083_815": 0.0,
    "1084_816": 0.0,
    "1085_817": 0.5687241269413831,
    "1086_818": 0.490620495859051,
    "1086_819": 0.4866639386438023,
    "1087_820": 0.0,
    "1088_821": 0.0,
    "1089_822": 0.0,
    "1090_823": 0.0,
    "1091_824": 0.0,
    "1092_825": 0.0,
    "1093_826": 0.44731624145067617,
    "1094_827": 0.5148462745160562,
    "1095_828": 0.0,
    "1096_829": 0.0,
    "1097_830": 0.0,
    "1098_831": 0.9339073140361808,
    "1099_832": 0.59173184633255,
    "1100_833": 0.8235099047353263,
    "1101_834": 0.8221406832881615,
    "1102_835": 0.05353130971833431,
    "1103_836": 0.0,
    "1104_837": 0.8732678890228271,
    "1105_838": 0.0,
    "1106_839": 0.0,
    "1107_840": 0.0,
    "1108_841": 0.0,
    "1109_842": 0.0,
    "1110_843": 0.0,
    "1111_844": 0.0,
    "1112_845": 0.0,
    "1113_846": 0.3118493862808911,
    "1114_847": 0.23983454284847994,
    "1115_847": 0.0,
    "1116_847": 0.0,
    "1117_848": 0.5634601125658958,
    "1118_849": 0.16501998901367188,
    "1119_850": 0.0,
    "1119_851": 0.0,
    "1120_852": 0.42151501774787903,
    "1121_853": 0.0,
    "1122_854": 0.0,
    "1123_855": 0.0,
    "1124_856": 0.0,
    "1125_857": 0.501164674305928,
    "1126_858": 0.0,
    "1127_859": 0.44398826463859153,
    "1128_860": 0.28856956419801894,
    "1129_860": 0.0,
    "1130_861": 0.0,
    "1131_862": 0.7477800566023504,
    "1132_863": 0.0,
    "1133_864": 0.0,
    "1134_865": 0.0,
    "1135_866": 0.0,
    "1136_867": 0.0,
    "1137_868": 0.0,
    "1138_869": 0.0,
    "1139_870": 0.0,
    "1140_871": 0.0,
    "1141_872": 0.0,
    "1142_873": 0.7391669478341989,
    "1142_874": 0.9034633149740461,
    "1143_875": 0.0,
    "1144_876": 0.0,
    "1145_877": 0.0,
    "1146_878": 0.0,
    "1147_879": 0.0,
    "1148_880": 0.0,
    "1149_881": 0.0,
    "1150_881": 0.0,
    "1151_882": 0.0,
    "1152_883": 0.14545474469775255,
    "1153_884": 0.0,
    "1154_885": 0.0,
    "1155_886": 0.0,
    "1156_887": 0.610708009981089,
    "1157_888": 0.0,
    "1157_889": 0.0,
    "1158_890": 0.0,
    "1159_891": 0.0,
    "1160_892": 0.3555932364314973,
    "1161_893": 0.0,
    "1162_894": 0.37898358633401585,
    "1163_895": 0.4388796102286515,
    "1164_896": 0.0,
    "1165_896": 0.27288518265843065,
    "1166_897": 0.18608993151466935,
    "1167_898": 0.0,
    "1168_899": 0.0,
    "1169_900": 0.0,
    "1170_901": 0.0,
    "1171_902": 0.0,
    "1172_903": 0.0,
    "1173_904": 0.0,
    "1174_905": 0.0,
    "1175_906": 0.0,
    "1175_907": 0.0,
    "1176_908": 0.0,
    "1176_909": 0.0,
    "1177_910": 0.0,
    "1178_911": 0.0,
    "1179_912": 0.0,
    "1180_913": 0.6566665276967131,
    "1181_914": 0.13388147094192815,
    "1182_915": 0.0,
    "1183_916": 0.0,
    "1183_917": 0.0,
    "1183_918": 0.0,
    "1184_919": 0.0,
    "1185_920": 0.0,
    "1186_921": 0.0,
    "1187_922": 0.0,
    "1188_923": 0.0,
    "1189_924": 0.4030472462486736,
    "1190_925": 0.0,
    "1191_926": 0.0,
    "1192_927": 0.0,
    "1193_928": 0.0,
    "1194_929": 0.0,
    "1195_930": 0.0,
    "1196_931": 0.0,
    "1197_932": 0.0,
    "1198_933": 0.0,
    "1199_934": 0.18280392553684,
    "1200_935": 0.0,
    "1201_936": 0.2928216850894443,
    "1202_937": 0.0,
    "1203_937": 0.0,
    "1204_938": 0.0,
    "1205_939": 0.0,
    "1206_940": 0.0,
    "1207_941": 0.0,
    "1208_942": 0.053189412413151116,
    "1208_943": 0.021869246916054075,
    "1208_944": 0.15501430252697468,
    "1209_945": 0.0,
    "1210_945": 0.1971626361047829,
    "1211_946": 0.41848271600962916,
    "1212_946": 0.0,
    "1213_947": 0.1358852212342163,
    "1213_948": 0.40658706400299205,
    "1214_949": 0.0,
    "1215_950": 0.3413219900374329,
    "1216_951": 0.0,
    "1217_952": 0.0,
    "1218_953": 0.0,
    "1219_954": 0.5556726982005223,
    "1220_955": 0.22241859093074723,
    "1221_956": 0.0,
    "1222_957": 0.3767259651146,
    "1223_958": 0.35734256864455305,
    "1224_959": 1.0,
    "1225_960": 0.4966399313548915,
    "1226_961": 0.7401357073853321,
    "1227_962": 0.6482701584345362,
    "1228_962": 0.7775147033746729,
    "1229_963": 0.6469732436138935,
    "1230_964": 0.34090319665413504,
    "1231_965": 0.8248917157348705,
    "1232_966": 0.0,
    "1233_967": 0.4022554098333979,
    "1234_968": 0.20520390762315277,
    "1235_969": 0.6442868709564209,
    "1236_970": 0.3142784949494346,
    "1237_971": 0.44298534677346146,
    "1237_972": 0.6764655993984473,
    "1238_973": 0.0,
    "1238_974": 0.6882612046741104,
    "1239_975": 0.7127882405522621,
    "1240_976": 0.4073947396844143,
    "1241_976": 0.7180882324067546,
    "1242_977": 0.4358764842444718,
    "1243_978": 0.7203360456145286,
    "1244_979": 0.5131444580808507,
    "1245_980": 0.604971189360217,
    "1246_980": 0.4474468052553302,
    "1247_981": 0.8874006867408752,
    "1248_982": 0.12022450601646573,
    "1249_983": 0.5646301312079058,
    "1250_984": 0.856880930923059,
    "1251_985": 0.3368937567956558,
    "1252_986": 0.652331093628509,
    "1253_987": 0.22696094379431686,
    "1254_988": 0.36025259222017003,
    "1255_989": 0.5287837053290244,
    "1256_990": 0.7465333640246369,
    "1257_991": 0.6126110763265648,
    "1258_992": 0.3335795088577187,
    "1259_993": 0.8737920821106674,