{
    "1008_737": 0.0,
    "1009_738": 0.0,
    "1010_739": 0.0,
    "1011_740": 0.5952285959505896,
    "1012_741": 0.39350372552871704,
    "1013_742": 0.7548970835207928,
    "1014_743": 0.6720539326713375,
    "1015_744": 0.39583563804626465,
    "1016_745": 0.7136503779943197,
    "1017_746": 0.47493297809422175,
    "1018_747": 0.5177648504791147,
    "1019_748": 0.9033243696129503,
    "1020_749": 0.0,
    "1021_750": 0.9999999999999994,
    "1022_751": 0.9040238359019296,
    "1023_752": 0.7325783966592138,
    "1024_753": 0.6265714885097671,
    "1025_754": 0.6437829484711419,
    "1026_755": 0.6974435448646545,
    "1027_756": 0.5826782123242781,
    "1027_757": 0.8121548464324565,
    "1028_758": 0.3349574662232788,
    "1029_758": 0.3282885448369447,
    "1030_759": 0.5866350113583673,
    "1031_760": 0.6584669368298658,
    "1032_760": 0.587980235019846,
    "1033_761": 0.6372607638156171,
    "1034_762": 0.732966211544346,
    "1035_763": 0.9178063628463619,
    "1036_764": 0.8470140581168388,
    "1037_765": 0.5389130169743044,
    "1038_766": 0.37289206930447205,
    "1039_767": 0.7833874662736793,
    "1039_768": 0.6412232527272618,
    "1040_769": 0.49316356401785755,
    "1041_770": 0.8367878925834493,
    "1042_771": 0.6373408697462668,
    "1043_772": 0.6358277800097687,
    "1044_773": 0.6234778231973469,
    "1045_774": 0.406848772815835,
    "1046_775": 0.8488289841386394,
    "1047_776": 0.652382084716143,
    "1048_777": 0.0,
    "1049_778": 0.0,
    "1050_779": 0.0,
    "1051_780": 0.393535546821826,
    "1052_781": 0.8445200585610099,
    "1053_782": 0.4868097960189469,
    "1053_783": 0.6125965243033844,
    "1053_784": 0.5226145845334014,
    "1054_785": 0.6116076459489218,
    "1054_786": 0.775166739158994,
    "1055_787": 0.47265202978585397,
    "1056_787": 0.8113326106777907,
    "1057_788": 0.731300869953037,
    "1058_789": 0.7457978524546004,
    "1059_790": 0.6711598014944822,
    "1060_791": 0.44591844166712935,
    "1061_792": 0.0,
    "1062_793": 0.49869191563660453,
    "1063_794": 0.675633096735713,
    "1064_795": 0.7176696062088013,
    "1065_796": 0.0,
    "1065_797": 0.16896824538707733,
    "1066_798": 0.6000017765523379,
    "1066_799": 0.20357578665055265,
    "1068_800": 0.7196946933267974,
    "1069_801": 0.5174693556811483,
    "1070_802": 0.6238758254191755,
    "1071_802": 0.6066768393018899,
    "1072_803": 0.7333708181554797,
    "1073_804": 0.6185692548751831,
    "1074_805": 0.8497371673583984,
    "1075_806": 0.7561563454959709,
    "1076_807": 0.6734316920176886,
    "1077_808": 0.12695529559776664,
    "1078_809": 0.5057559807331365,
    "1078_810": 0.6546558189106206,
    "1079_811": 0.6368775549069402,
    "1080_812": 0.6660006040904045,
    "1081_813": 0.0,
    "1082_814": 0.8415292224929547,
    "1083_815": 0.0,
    "1084_816": 0.0,
    "1085_817": 0.4429220480936591,
    "1086_818": 0.5937741532783626,
    "1086_819": 0.4656921054592398,
    "1087_820": 0.0,
    "1088_821": 0.0,
    "1089_822": 0.0,
    "1090_823": 0.0,
    "1091_824": 0.0,
    "1092_825": 0.0,
    "1093_826": 0.5499513490253585,
    "1094_827": 0.5471400566708758,
    "1095_828": 0.0,
    "1096_829": 0.0,
    "1097_830": 0.0,
    "1098_831": 0.930684534533257,
    "1099_832": 0.6749782562255859,
    "1100_833": 0.8061732410216214,
    "1101_834": 0.8023736904318436,
    "1102_835": 0.14033981689817554,
    "1103_836": 0.0,
    "1104_837": 0.6451860070228577,
    "1105_838": 0.0,
    "1106_839": 0.0,
    "1107_840": 0.0,
    "1108_841": 0.0,
    "1109_842": 0.0,
    "1110_843": 0.0,
    "1111_844": 0.0,
    "1112_845": 0.0,
    "1113_846": 0.47031095286910274,
    "1114_847": 0.3691167452978148,
    "1115_847": 0.0,
    "1116_847": 0.0,
    "1117_848": 0.70165747396911,
    "1118_849": 0.44328072667121887,
    "1119_850": 0.0,
    "1119_851": 0.0,
    "1120_852": 0.5978818535804749,
    "1121_853": 0.0,
    "1122_854": 0.0,
    "1123_855": 0.0,
    "1124_856": 0.0,
    "1125_857": 0.5163074905441738,
    "1126_858": 0.0,
    "1127_859": 0.40946535113369353,
    "1128_860": 0.2341902850746468,
    "1129_860": 0.0,
    "1130_861": 0.0,
    "1131_862": 0.50764491137062,
    "1132_863": 0.0,
    "1133_864": 0.0,
    "1134_865": 0.0,
    "1135_866": 0.0,
    "1136_867": 0.0,
    "1137_868": 0.0,
    "1138_869": 0.0,
    "1139_870": 0.0,
    "1140_871": 0.0,
    "1141_872": 0.0,
    "1142_873": 0.6294492415657464,
    "1142_874": 0.700559581723985,
    "1143_875": 0.0,
    "1144_876": 0.0,
    "1145_877": 0.0,
    "1146_878": 0.0,
    "1147_879": 0.0,
    "1148_880": 0.0,
    "1149_881": 0.0,
    "1150_881": 0.0,
    "1151_882": 0.0,
    "1152_883": 0.13209078573144284,
    "1153_884": 0.0,
    "1154_885": 0.0,
    "1155_886": 0.0,
    "1156_887": 0.6020176577930931,
    "1157_888": 0.0,
    "1157_889": 0.0,
    "1158_890": 0.0,
    "1159_891": 0.0,
    "1160_892": 0.3239259618401199,
    "1161_893": 0.0,
    "1162_894": 0.6962560035921888,
    "1163_895": 0.564840886122756,
    "1164_896": 0.0,
    "1165_896": 0.47826012176313737,
    "1166_897": 0.268302098337725,
    "1167_898": 0.0,
    "1168_899": 0.0,
    "1169_900": 0.0,
    "1170_901": 0.0,
    "1171_902": 0.0,
    "1172_903": 0.0,
    "1173_904": 0.0,
    "1174_905": 0.0,
    "1175_906": 0.0,
    "1175_907": 0.0,
    "1176_908": 0.0,
    "1176_909": 0.0,
    "1177_910": 0.0,
    "1178_911": 0.0,
    "1179_912": 0.0,
    "1180_913": 0.5406347644998288,
    "1181_914": 0.3069397229176293,
    "1182_915": 0.0,
    "1183_916": 0.0,
    "1183_917": 0.0,
    "1183_918": 0.0,
    "1184_919": 0.0,
    "1185_920": 0.0,
    "1186_921": 0.0,
    "1187_922": 0.0,
    "1188_923": 0.0,
    "1189_924": 0.45675115821532597,
    "1190_925": 0.0,
    "1191_926": 0.0,
    "1192_927": 0.0,
    "1193_928": 0.0,
    "1194_929": 0.0,
    "1195_930": 0.0,
    "1196_931": 0.0,
    "1197_932": 0.0,
    "1198_933": 0.0,
    "1199_934": 0.3026114629240062,
    "1200_935": 0.0,
    "1201_936": 0.35917911426878535,
    "1202_937": 0.0,
    "1203_937": 0.0,
    "1204_938": 0.0,
    "1205_939": 0.0,
    "1206_940": 0.0,
    "1207_941": 0.0,
    "1208_942": 0.08023696738274333,
    "1208_943": 0.045445722598088434,
    "1208_944": 0.17530472661591767,
    "1209_945": 0.0,
    "1210_945": 0.4220055545779602,
    "1211_946": 0.44320577631175284,
    "1212_946": 0.0,
    "1213_947": 0.16662938076141054,
    "1213_948": 0.5203975274907396,
    "1214_949": 0.0,
    "1215_950": 0.487124692327743,
    "1216_951": 0.0,
    "1217_952": 0.0,
    "1218_953": 0.0,
    "1219_954": 0.55184794672781,
    "1220_955": 0.44370067752939835,
    "1221_956": 0.0,
    "1222_957": 0.5058698478931491,
    "1223_958": 0.31737708513438245,
    "1224_959": 1.0,
    "1225_960": 0.6032596246020954,
    "1226_961": 0.6666478823171216,
    "1227_962": 0.25368538724807665,
    "1228_962": 0.5831654755747446,
    "1229_963": 0.6977054399181177,
    "1230_964": 0.19660459170349676,
    "1231_965": 0.7579478262583433,
    "1232_966": 0.0,
    "1233_967": 0.5140223130036164,
    "1234_968": 0.1979526675486808,
    "1235_969": 0.6847007274627686,
    "1236_970": 0.610728119334049,
    "1237_971": 0.42405541355217524,
    "1237_972": 0.727499801143169,
    "1238_973": 0.0,
    "1238_974": 0.47832148679326036,
    "1239_975": 0.7775311283532947,
    "1240_976": 0.4122277952500162,
    "1241_976": 0.7089487483499831,
    "1242_977": 0.7002489457423545,
    "1243_978": 0.6089228309625689,
    "1244_979": 0.6574896100047223,
    "1245_980": 0.662904514679798,
    "1246_980": 0.49620954180047905,
    "1247_981": 0.9449955821037292,
    "1248_982": 0.5476449457170418,
    "1249_983": 0.5469416741745246,
    "1250_984": 0.8207857735272053,
    "1251_985": 0.2034638031667434,
    "1252_986": 0.5752835635673929,
    "1253_987": 0.27732584187908915,
    "1254_988": 0.4244439502941604,
    "1255_989": 0.587280034184967,
    "1256_990": 0.7748554077794179,
    "1257_991": 0.653834585532389,
    "1258_992": 0.6124812246578029,