{
    "1008_737": 0.0,
    "1009_738": 0.0,
    "1010_739": 0.0,
    "1011_740": 0.2528692709661253,
    "1012_741": 0.09014889868458109,
    "1013_742": 0.25873140819879015,
    "1014_743": 0.323618859885177,
    "1015_744": 0.1722196340560913,
    "1016_745": 0.22829231034608322,
    "1017_746": 0.07137646113089557,
    "1018_747": 0.1274015749743027,
    "1019_748": 0.1796168336188968,
    "1020_749": 0.0,
    "1021_750": 0.3747295518873053,
    "1022_751": 0.10994515963861728,
    "1023_752": 0.03667042997981229,
    "1024_753": 0.08801133643305092,
    "1025_754": 0.0598282290772838,
    "1026_755": 0.3428865373134613,
    "1027_756": 0.013380327502256595,
    "1027_757": 0.06582219465895545,
    "1028_758": 0.03683671246200204,
    "1029_758": 0.10509468269107691,
    "1030_759": 0.009304970939658652,
    "1031_760": 0.1386907929919714,
    "1032_760": 0.3588905962703066,
    "1033_761": 0.07402152464114642,
    "1034_762": 0.2633236383778177,
    "1035_763": 0.10020792971485637,
    "1036_764": 0.07939581715159327,
    "1037_765": 0.14735183236897698,
    "1038_766": 0.13759422462739668,
    "1039_767": 0.25087705911630287,
    "1039_768": 0.192308631372347,
    "1040_769": 0.15814939871794598,
    "1041_770": 0.05963245122034466,
    "1042_771": 0.20798314066226076,
    "1043_772": 0.14695666404793029,
    "1044_773": 0.16008575231659639,
    "1045_774": 0.06677837006918108,
    "1046_775": 0.1517912319627981,
    "1047_776": 0.27692179995876265,
    "1048_777": 0.0,
    "1049_778": 0.0,
    "1050_779": 0.0,
    "1051_780": 0.08976717698943049,
    "1052_781": 0.1694558558042063,
    "1053_782": 0.16011157387376718,
    "1053_783": 0.11542590415965293,
    "1053_784": 0.02530807417529568,
    "1054_785": 0.056100870077973264,
    "1054_786": 0.11071051826850253,
    "1055_787": 0.06520442191272413,
    "1056_787": 0.013565353253439771,
    "1057_788": 0.09837251834493277,
    "1058_789": 0.09319475134749011,
    "1059_790": 0.056480428448040465,
    "1060_791": 0.1236298461380978,
    "1061_792": 0.0,
    "1062_793": 0.004494279663287526,
    "1063_794": -0.027218347276731336,
    "1064_795": 0.4921330511569977,
    "1065_796": 0.0,
    "1065_797": 0.04174107685685158,
    "1066_798": 0.013649322111894291,
    "1066_799": -0.004963977764466554,
    "1068_800": 0.09529699032739802,
    "1069_801": 0.12532373606206726,
    "1070_802": 0.061296527248689725,
    "1071_802": -0.05580280289500972,
    "1072_803": 0.08440010658778918,
    "1073_804": 0.13381046056747437,
    "1074_805": 0.4895334432928412,
    "1075_806": 0.09740023940494724,
    "1076_807": 0.16027221053827456,
    "1077_808": 0.08304629023154275,
    "1078_809": 0.06082688745798559,
    "1078_810": 0.14666232328628093,
    "1079_811": 0.1724219228521645,
    "1080_812": 0.16278486534658254,
    "1081_813": 0.0,
    "1082_814": 0.014062265368370408,
    "1083_815": 0.0,
    "1084_816": 0.0,
    "1085_817": 0.1535783774403665,
    "1086_818": -0.01128246460150728,
    "1086_819": -0.0016901705762149,
    "1087_820": 0.0,
    "1088_821": 0.0,
    "1089_822": 0.0,
    "1090_823": 0.0,
    "1091_824": 0.0,
    "1092_825": 0.0,
    "1093_826": 0.1106487495377867,
    "1094_827": 0.1476470027683543,
    "1095_828": 0.0,
    "1096_829": 0.0,
    "1097_830": 0.0,
    "1098_831": 0.10259579795667484,
    "1099_832": 0.28095096349716187,
    "1100_833": 0.1953814953847619,
    "1101_834": 0.20475191615431998,
    "1102_835": 0.06057935972917183,
    "1103_836": 0.0,
    "1104_837": 0.2916334867477417,
    "1105_838": 0.0,
    "1106_839": 0.0,
    "1107_840": 0.0,
    "1108_841": 0.0,
    "1109_842": 0.0,
    "1110_843": 0.0,
    "1111_844": 0.0,
    "1112_845": 0.0,
    "1113_846": 0.009833092098028962,
    "1114_847": 0.09709883717313539,
    "1115_847": 0.0,
    "1116_847": 0.0,
    "1117_848": 0.2301463654572693,
    "1118_849": 0.05916803702712059,
    "1119_850": 0.0,
    "1119_851": 0.0,
    "1120_852": 0.12896521389484406,
    "1121_853": 0.0,
    "1122_854": 0.0,
    "1123_855": 0.0,
    "1124_856": 0.0,
    "1125_857": 0.04180022242935999,
    "1126_858": 0.0,
    "1127_859": 0.15482728172513693,
    "1128_860": 0.13209043769172668,
    "1129_860": 0.0,
    "1130_861": 0.0,
    "1131_862": 0.030550089012178705,
    "1132_863": 0.0,
    "1133_864": 0.0,
    "1134_865": 0.0,
    "1135_866": 0.0,
    "1136_867": 0.0,
    "1137_868": 0.0,
    "1138_869": 0.0,
    "1139_870": 0.0,
    "1140_871": 0.0,
    "1141_872": 0.0,
    "1142_873": 0.1137067124464387,
    "1142_874": 0.22788857255953754,
    "1143_875": 0.0,
    "1144_876": 0.0,
    "1145_877": 0.0,
    "1146_878": 0.0,
    "1147_879": 0.0,
    "1148_880": 0.0,
    "1149_881": 0.0,
    "1150_881": 0.0,
    "1151_882": 0.0,
    "1152_883": 0.07759442016670048,
    "1153_884": 0.0,
    "1154_885": 0.0,
    "1155_886": 0.0,
    "1156_887": 0.10795493009481727,
    "1157_888": 0.0,
    "1157_889": 0.0,
    "1158_890": 0.0,
    "1159_891": 0.0,
    "1160_892": 0.17191961920928966,
    "1161_893": 0.0,
    "1162_894": 0.0201101269125612,
    "1163_895": 0.07134181972594345,
    "1164_896": 0.0,
    "1165_896": 0.028976958179614654,
    "1166_897": -0.03545380402910747,
    "1167_898": 0.0,
    "1168_899": 0.0,
    "1169_900": 0.0,
    "1170_901": 0.0,
    "1171_902": 0.0,
    "1172_903": 0.0,
    "1173_904": 0.0,
    "1174_905": 0.0,
    "1175_906": 0.0,
    "1175_907": 0.0,
    "1176_908": 0.0,
    "1176_909": 0.0,
    "1177_910": 0.0,
    "1178_911": 0.0,
    "1179_912": 0.0,
    "1180_913": 0.03800280236533682,
    "1181_914": -0.020271025128445697,
    "1182_915": 0.0,
    "1183_916": 0.0,
    "1183_917": 0.0,
    "1183_918": 0.0,
    "1184_919": 0.0,
    "1185_920": 0.0,
    "1186_921": 0.0,
    "1187_922": 0.0,
    "1188_923": 0.0,
    "1189_924": 0.12053316090867672,
    "1190_925": 0.0,
    "1191_926": 0.0,
    "1192_927": 0.0,
    "1193_928": 0.0,
    "1194_929": 0.0,
    "1195_930": 0.0,
    "1196_931": 0.0,
    "1197_932": 0.0,
    "1198_933": 0.0,
    "1199_934": 0.034071508403964335,
    "1200_935": 0.0,
    "1201_936": 0.10643721400531636,
    "1202_937": 0.0,
    "1203_937": 0.0,
    "1204_938": 0.0,
    "1205_939": 0.0,
    "1206_940": 0.0,
    "1207_941": 0.0,
    "1208_942": 0.0027564866386874387,
    "1208_943": -0.0022663092652834838,
    "1208_944": 0.019578368426095394,
    "1209_945": 0.0,
    "1210_945": 0.08173496878375519,
    "1211_946": 0.06913144044626962,
    "1212_946": 0.0,
    "1213_947": 0.0816816996622004,
    "1213_948": 0.10210634562438359,
    "1214_949": 0.0,
    "1215_950": 0.08064276979590446,
    "1216_951": 0.0,
    "1217_952": 0.0,
    "1218_953": 0.0,
    "1219_954": 0.21886338485546752,
    "1220_955": 0.12963074420155862,
    "1221_956": 0.0,
    "1222_957": 0.03890196769480714,
    "1223_958": 0.03785403120798814,
    "1224_959": 0.5785990357398987,
    "1225_960": 0.01972540830097469,
    "1226_961": 0.09445494374043861,
    "1227_962": 0.09257761812970722,
    "1228_962": 0.0447523008253603,
    "1229_963": 0.1093349308780156,
    "1230_964": 0.13872684336560948,
    "1231_965": 0.14416497750275825,
    "1232_966": 0.0,
    "1233_967": 0.07354810232020359,
    "1234_968": 0.06823789113474332,
    "1235_969": 0.1642359346151352,
    "1236_970": 0.07994939462812933,
    "1237_971": 0.08977125094550265,
    "1237_972": 0.11214160477884771,
    "1238_973": 0.0,
    "1238_974": 0.11154584873319129,
    "1239_975": 0.04693226015114993,
    "1240_976": 0.03493183620867668,
    "1241_976": 0.10211183428054116,
    "1242_977": 0.013564069581533222,
    "1243_978": 0.1628859143219571,
    "1244_979": 0.07313061986287761,
    "1245_980": 0.10068597893383324,
    "1246_980": 0.09512181291522126,
    "1247_981": 0.389797180891037,
    "1248_982": 0.010133015385469735,
    "1249_983": 0.14874663090025386,
    "1250_984": 0.2469428366303693,
    "1251_985": 0.13114534344057982,
    "1252_986": 0.17283720595300534,
    "1253_987": 0.1766338141426559,
    "1254_988": 0.04559047085347068,