{
    "1008_737": 0.0,
    "1009_738": 0.0,
    "1010_739": 0.0,
    "1011_740": 0.14702064586155927,
    "1012_741": 0.030626621907676732,
    "1013_742": 0.14867246605849205,
    "1014_743": 0.16693679366596792,
    "1015_744": 0.035170010787185624,
    "1016_745": 0.13210667245381436,
    "1017_746": 0.07141428484076018,
    "1018_747": -0.021561922772659115,
    "1019_748": 0.15490463177848168,
    "1020_749": 0.0,
    "1021_750": 0.11522367064910777,
    "1022_751": 0.1626951950811879,
    "1023_752": 0.09818451342861756,
    "1024_753": 0.04484374102351418,
    "1025_754": 0.08884170445296191,
    "1026_755": 0.15865196766528233,
    "1027_756": 0.089276783263458,
    "1027_757": 0.12677009592928634,
    "1028_758": 0.027380979946818096,
    "1029_758": 0.0480595912354691,
    "1030_759": 0.034901923598632534,
    "1031_760": 0.1733637244820635,
    "1032_760": 0.31554369445115027,
    "1033_761": 0.039575483994209626,
    "1034_762": 0.17406699637676692,
    "1035_763": 0.1372971378751111,
    "1036_764": 0.15560267282579232,
    "1037_765": 0.11781922331627603,
    "1038_766": 0.025123278258651238,
    "1039_767": 0.18394055330519232,
    "1039_768": 0.17215338871988217,
    "1040_769": 0.13186503623590007,
    "1041_770": 0.15074421940970717,
    "1042_771": 0.09502256663222552,
    "1043_772": 0.16345430476197198,
    "1044_773": 0.14373569770778816,
    "1045_774": 0.04376834173839683,
    "1046_775": 0.10355072521819442,
    "1047_776": 0.089447803677702,
    "1048_777": 0.0,
    "1049_778": 0.0,
    "1050_779": 0.0,
    "1051_780": 0.04175241083416237,
    "1052_781": 0.016759481514873387,
    "1053_782": 0.08297599584927795,
    "1053_783": 0.06700390557075675,
    "1053_784": 0.04471761426816889,
    "1054_785": 0.1459167431318712,
    "1054_786": 0.16988485939207532,
    "1055_787": 0.16365741412441814,
    "1056_787": 0.08937333136859638,
    "1057_788": 0.10334003009675374,
    "1058_789": 0.10401631261073263,
    "1059_790": 0.10727085017256022,
    "1060_791": 0.11250886020186901,
    "1061_792": 0.0,
    "1062_793": 0.0655882894860268,
    "1063_794": 0.060355610427470285,
    "1064_795": 0.2262175773426207,
    "1065_796": 0.0,
    "1065_797": 0.03414781764149666,
    "1066_798": 0.08059248126451612,
    "1066_799": 0.01705636297489055,
    "1068_800": 0.11995165925670515,
    "1069_801": 0.09634301654479216,
    "1070_802": 0.12898209646797076,
    "1071_802": 0.020648712399955915,
    "1072_803": 0.09268822258482057,
    "1073_804": 0.21686259857262336,
    "1074_805": 0.448584508205248,
    "1075_806": 0.05599140157659743,
    "1076_807": 0.14511946479609872,
    "1077_808": 0.06874134802523446,
    "1078_809": 0.12527855844679747,
    "1078_810": 0.16934211956361633,
    "1079_811": 0.176837270695682,
    "1080_812": 0.21569087416309818,
    "1081_813": 0.0,
    "1082_814": 0.03341026734157848,
    "1083_815": 0.0,
    "1084_816": 0.0,
    "1085_817": 0.06390430315698625,
    "1086_818": 0.04348410630329491,
    "1086_819": 0.011167459450495243,
    "1087_820": 0.0,
    "1088_821": 0.0,
    "1089_822": 0.0,
    "1090_823": 0.0,
    "1091_824": 0.0,
    "1092_825": 0.0,
    "1093_826": 0.13803553885032405,
    "1094_827": 0.12819436180720245,
    "1095_828": 0.0,
    "1096_829": 0.0,
    "1097_830": 0.0,
    "1098_831": 0.09052602427562995,
    "1099_832": 0.25458272228640044,
    "1100_833": 0.24998500576782212,
    "1101_834": 0.2316606831708926,
    "1102_835": 0.04650698499943584,
    "1103_836": 0.0,
    "1104_837": 0.2160183188077751,
    "1105_838": 0.0,
    "1106_839": 0.0,
    "1107_840": 0.0,
    "1108_841": 0.0,
    "1109_842": 0.0,
    "1110_843": 0.0,
    "1111_844": 0.0,
    "1112_845": 0.0,
    "1113_846": 0.07030658164561421,
    "1114_847": 0.14845287286845243,
    "1115_847": 0.0,
    "1116_847": 0.0,
    "1117_848": 0.16185746206746843,
    "1118_849": 0.09432215611319861,
    "1119_850": 0.0,
    "1119_851": 0.0,
    "1120_852": 0.12916163398005587,
    "1121_853": 0.0,
    "1122_854": 0.0,
    "1123_855": 0.0,
    "1124_856": 0.0,
    "1125_857": 0.06254200104865848,
    "1126_858": 0.0,
    "1127_859": 0.12196610629177185,
    "1128_860": 0.11038085018366162,
    "1129_860": 0.0,
    "1130_861": 0.0,
    "1131_862": 0.047312269111154714,
    "1132_863": 0.0,
    "1133_864": 0.0,
    "1134_865": 0.0,
    "1135_866": 0.0,
    "1136_867": 0.0,
    "1137_868": 0.0,
    "1138_869": 0.0,
    "1139_870": 0.0,
    "1140_871": 0.0,
    "1141_872": 0.0,
    "1142_873": 0.14711242114461698,
    "1142_874": 0.26210261856451056,
    "1143_875": 0.0,
    "1144_876": 0.0,
    "1145_877": 0.0,
    "1146_878": 0.0,
    "1147_879": 0.0,
    "1148_880": 0.0,
    "1149_881": 0.0,
    "1150_881": 0.0,
    "1151_882": 0.0,
    "1152_883": 0.05619076598335737,
    "1153_884": 0.0,
    "1154_885": 0.0,
    "1155_886": 0.0,
    "1156_887": 0.024155736449458565,
    "1157_888": 0.0,
    "1157_889": 0.0,
    "1158_890": 0.0,
    "1159_891": 0.0,
    "1160_892": 0.15562453373693286,
    "1161_893": 0.0,
    "1162_894": 0.1446343409444666,
    "1163_895": 0.11283844181295277,
    "1164_896": 0.0,
    "1165_896": 0.13549415113708074,
    "1166_897": 0.030594200184865028,
    "1167_898": 0.0,
    "1168_899": 0.0,
    "1169_900": 0.0,
    "1170_901": 0.0,
    "1171_902": 0.0,
    "1172_903": 0.0,
    "1173_904": 0.0,
    "1174_905": 0.0,
    "1175_906": 0.0,
    "1175_907": 0.0,
    "1176_908": 0.0,
    "1176_909": 0.0,
    "1177_910": 0.0,
    "1178_911": 0.0,
    "1179_912": 0.0,
    "1180_913": 0.08169434106793483,
    "1181_914": 0.032456734090545614,
    "1182_915": 0.0,
    "1183_916": 0.0,
    "1183_917": 0.0,
    "1183_918": 0.0,
    "1184_919": 0.0,
    "1185_920": 0.0,
    "1186_921": 0.0,
    "1187_922": 0.0,
    "1188_923": 0.0,
    "1189_924": 0.18056114578644133,
    "1190_925": 0.0,
    "1191_926": 0.0,
    "1192_927": 0.0,
    "1193_928": 0.0,
    "1194_929": 0.0,
    "1195_930": 0.0,
    "1196_931": 0.0,
    "1197_932": 0.0,
    "1198_933": 0.0,
    "1199_934": 0.04489006378883953,
    "1200_935": 0.0,
    "1201_936": 0.06825513386849935,
    "1202_937": 0.0,
    "1203_937": 0.0,
    "1204_938": 0.0,
    "1205_939": 0.0,
    "1206_940": 0.0,
    "1207_941": 0.0,
    "1208_942": 0.05058205981438835,
    "1208_943": 0.03215270914063606,
    "1208_944": 0.03696294496823527,
    "1209_945": 0.0,
    "1210_945": 0.09795526388835651,
    "1211_946": 0.024497436214276025,
    "1212_946": 0.0,
    "1213_947": 0.10249951718174588,
    "1213_948": 0.11637678617916258,
    "1214_949": 0.0,
    "1215_950": 0.10804751005808177,
    "1216_951": 0.0,
    "1217_952": 0.0,
    "1218_953": 0.0,
    "1219_954": 0.09075582704037277,
    "1220_955": 0.16344333086792118,
    "1221_956": 0.0,
    "1222_957": 0.14721500460127346,
    "1223_958": 0.05137301234878966,
    "1224_959": 0.24861228466033936,
    "1225_960": -0.010328329332474517,
    "1226_961": 0.03354305529285073,
    "1227_962": 0.03536365425944643,
    "1228_962": 0.09732762173610698,
    "1229_963": 0.1209475849105911,
    "1230_964": 0.09297311960020194,
    "1231_965": 0.08293826884228128,
    "1232_966": 0.0,
    "1233_967": 0.08387546296062076,
    "1234_968": -0.006623196266379416,
    "1235_969": 0.1715140415810814,
    "1236_970": 0.09326262174147715,
    "1237_971": 0.06267774404785864,
    "1237_972": 0.13040232745859615,
    "1238_973": 0.0,
    "1238_974": 0.09405721666967182,
    "1239_975": 0.047103036074660376,
    "1240_976": 0.0812551068418873,
    "1241_976": 0.11755192161176065,
    "1242_977": 0.06285391117631023,
    "1243_978": 0.09444896090246313,
    "1244_979": 0.13868777981639813,
    "1245_980": 0.10658877423429236,
    "1246_980": 0.15979696125944132,
    "1247_981": 0.14131744928113044,
    "1248_982": 0.13466469930191716,
    "1249_983": 0.08148171973971208,
    "1250_984": 0.13171803541341354,
    "1251_985": 0.09331461859093348,
    "1252_986": 0.16982048600629918,
    "1253_987": 0.1124025499584167,
    "1254_988": 0.12484711064904241,